{"cameraMode":{"drawMode":0,"name":"Shaded","section":"Shading Mode"},"sceneLighting":true,"audioPlay":false,"sceneViewState":{"m_AlwaysRefresh":false,"showFog":true,"showSkybox":true,"showFlares":true,"showImageEffects":true,"showParticleSystems":true,"showVisualEffectGraphs":true,"m_FxEnabled":true},"in2DMode":false,"pivot":{"x":-0.6602104306221008,"y":-0.4394087791442871,"z":5.108222007751465},"rotation":{"x":-0.16422024369239808,"y":-0.01981898583471775,"z":0.003300169249996543,"w":-0.9862278699874878},"size":4.599763870239258,"orthographic":false}